unit_id,waveform_PT_ratio,waveform_amplitude,amplitude_cutoff,cluster_id,cumulative_drift,d_prime,firing_rate,isi_violations,isolation_distance,L_ratio,local_index,max_drift,nn_hit_rate,nn_miss_rate,peak_channel_id,presence_ratio,waveform_recovery_slope,waveform_repolarization_slope,silhouette_score,snr,waveform_spread,waveform_velocity_above,waveform_velocity_below,waveform_duration,filtering,probe_channel_number,probe_horizontal_position,probe_id,probe_vertical_position,structure_acronym,ecephys_structure_id,ecephys_structure_acronym,anterior_posterior_ccf_coordinate,dorsal_ventral_ccf_coordinate,left_right_ccf_coordinate,probe_description,location,probe_sampling_rate,probe_lfp_sampling_rate,probe_has_lfp_data,ecephys_session_id
950930145,7.03174177657713,102.55557,0.0825252044838452,410,202.02,4.34382729227425,9.91059806429688,0.0116336805240898,78.4080447382448,0.00263231574196547,398,40.26,0.976666666666667,0.00115927628037925,850261708,0.98,-0.0225408285078364,0.237696549033632,0.115804847309517,2.59040399079214,30.0,-5.83752093802345,,0.590619765494137,AP band: 500 Hz high-pass; LFP band: 1000 Hz low-pass,257,11,810755801,2580,VISp,385.0,VISp,8586.0,1465.0,8212.0,probeC,See electrode locations,29999.9854696171,1249.999394567375,True,715093703
950930105,0.601677446420454,79.86069,0.0957608598045507,408,145.08,5.05211077373814,11.0546193417678,0.0110819321998627,100.175017645034,0.00694685697313408,396,37.75,0.974666666666667,0.00718449234106005,850261706,0.99,-0.0770129379942511,0.200194522920419,-0.0236743777051471,1.29451308422622,40.0,3.77721943048576,-0.686767169179227,0.219765494137353,AP band: 500 Hz high-pass; LFP band: 1000 Hz low-pass,256,43,810755801,2580,VISp,385.0,VISp,8584.0,1477.0,8213.0,probeC,See electrode locations,29999.9854696171,1249.999394567375,True,715093703
950930276,0.517356250082052,82.9042499999999,0.0133488669808343,415,101.96,3.67060724722989,8.77289984165603,0.0252944118136452,75.6444625278082,0.00247195830973416,403,40.34,0.976666666666667,0.00258256947475629,850261712,0.99,-0.0274128848218701,0.195659724603678,0.0999180255325271,2.09024335563459,60.0,1.44221105527638,-0.343383584589615,0.865326633165829,AP band: 500 Hz high-pass; LFP band: 1000 Hz low-pass,259,27,810755801,2600,VISp,385.0,VISp,8591.0,1441.0,8210.0,probeC,See electrode locations,29999.9854696171,1249.999394567375,True,715093703
950933698,0.476703490042036,107.32878,2.28687276432576e-05,601,152.21,4.42831497845034,1.27770872244977,0.0259232457172365,47.931608420658,0.00430466054906874,582,42.88,0.670731707317073,0.00255427841634738,850261710,0.98,-0.0317221548841168,0.277303663610402,0.0477636966383691,2.94212493752498,50.0,0.96147403685092,-2.74706867671692,0.824120603015075,AP band: 500 Hz high-pass; LFP band: 1000 Hz low-pass,258,59,810755801,2600,VISp,385.0,VISp,8589.0,1453.0,8211.0,probeC,See electrode locations,29999.9854696171,1249.999394567375,True,715093703
950930237,0.567728416150787,134.57301,0.00188929614442823,413,81.63,3.70371194398216,3.28031051649087,0.0235979585184845,50.5454175988326,0.00873887616996689,401,54.23,0.936507936507936,0.00112359550561798,850261710,0.98,-0.0435615479288434,0.328498394661072,0.00944462667961062,2.87528775571362,50.0,0.686767169179229,0.343383584589615,0.796649916247906,AP band: 500 Hz high-pass; LFP band: 1000 Hz low-pass,258,59,810755801,2600,VISp,385.0,VISp,8589.0,1453.0,8211.0,probeC,See electrode locations,29999.9854696171,1249.999394567375,True,715093703
950930215,0.359910864024322,87.88728,0.0133655691637046,412,169.21,3.08461434433703,6.51444015038347,0.252301260212107,58.6110182519562,0.00669405252079591,400,50.25,0.907496012759171,0.00532247964934252,850261710,0.99,-0.0180073847592116,0.270078296842346,0.108335072480787,2.31783767797144,50.0,0.0,0.0,0.824120603015075,AP band: 500 Hz high-pass; LFP band: 1000 Hz low-pass,258,59,810755801,2600,VISp,385.0,VISp,8589.0,1453.0,8211.0,probeC,See electrode locations,29999.9854696171,1249.999394567375,True,715093703
950930358,0.503798327591587,91.88673,0.0642254961005454,419,169.25,3.543692869383,10.5205470320128,0.318126448706834,70.5776955576261,0.0059130752563658,407,50.13,0.93,0.00829522015962694,850261716,0.99,-0.0398203211091112,0.251681529471718,0.0493208105193227,2.41776066946491,40.0,2.06030150753769,0.343383584589615,0.686767169179229,AP band: 500 Hz high-pass; LFP band: 1000 Hz low-pass,261,11,810755801,2620,VISp,385.0,VISp,8596.0,1416.0,8207.0,probeC,See electrode locations,29999.9854696171,1249.999394567375,True,715093703
950930340,0.480841863251129,183.61161,1.78069065162726e-05,418,51.22,4.75275476585694,1.6743675013439,0.0,55.4504653814808,0.00207893352661291,406,41.0,0.93,0.000269360269360269,850261716,0.97,-0.078822238239059,0.509975588246852,0.127983715379853,3.87175238459437,60.0,2.26633165829146,0.0,0.741708542713568,AP band: 500 Hz high-pass; LFP band: 1000 Hz low-pass,261,11,810755801,2620,VISp,385.0,VISp,8596.0,1416.0,8207.0,probeC,See electrode locations,29999.9854696171,1249.999394567375,True,715093703
950930437,0.696937675622591,107.46294,0.00722922968110891,425,200.18,5.01681477259053,1.26404640754906,0.211893212400734,53.3235995796758,0.00160213351207367,412,42.98,0.901041666666667,0.000268384326355341,850261720,0.99,-0.0609289553143227,0.289405714867135,0.0152613230432917,2.76070796745477,100.0,1.29504666188083,0.137353433835846,0.65929648241206,AP band: 500 Hz high-pass; LFP band: 1000 Hz low-pass,263,27,810755801,2640,VISp,385.0,VISp,8601.0,1392.0,8205.0,probeC,See electrode locations,29999.9854696171,1249.999394567375,True,715093703
950930423,0.612909578016143,149.32554,1.37884975496088e-05,423,103.68,4.96949223432999,2.119126661624,0.028272259548448,77.1321131630868,0.000163931143790968,411,51.53,0.959770114942529,0.000472143531633617,850261718,0.98,-0.0926145193432259,0.376442825664531,0.164818843201664,2.78557768480351,70.0,0.892797319932999,0.0,0.700502512562814,AP band: 500 Hz high-pass; LFP band: 1000 Hz low-pass,262,59,810755801,2640,VISp,385.0,VISp,8599.0,1404.0,8206.0,probeC,See electrode locations,29999.9854696171,1249.999394567375,True,715093703
950930407,0.584664573434772,139.34388,0.00192873340522655,422,78.79,5.27599854031932,52.1955755936843,0.00540586202751868,143.663037505096,0.000423820123103834,410,48.0,0.997333333333333,0.00789889415481832,850261718,0.99,-0.123132942721156,0.614502704411387,0.123782953832929,3.44656481985841,50.0,0.686767169179229,-0.343383584589614,0.274706867671692,AP band: 500 Hz high-pass; LFP band: 1000 Hz low-pass,262,59,810755801,2640,VISp,385.0,VISp,8599.0,1404.0,8206.0,probeC,See electrode locations,29999.9854696171,1249.999394567375,True,715093703
950930392,0.641832074152721,107.59398,0.00406100979101976,421,103.94,4.32012841958726,2.44295739827882,0.0141824514025935,50.4711600329554,0.00644457758914928,409,41.83,0.867521367521368,0.00115129351212244,850261718,0.99,-0.0724657996624304,0.263569213377703,0.0840264732796993,2.11813928685769,40.0,,-0.0686767169179233,0.604355108877722,AP band: 500 Hz high-pass; LFP band: 1000 Hz low-pass,262,59,810755801,2640,VISp,385.0,VISp,8599.0,1404.0,8206.0,probeC,See electrode locations,29999.9854696171,1249.999394567375,True,715093703
950930375,0.508181910421328,69.8458800000001,0.0484426210713906,420,223.2,3.75176562863419,4.56524558731787,0.0284284276869726,57.981349108486,0.00372636440840073,408,38.53,0.930612244897959,0.00191354860755168,850261718,0.99,-0.0181741462785719,0.147443417685427,0.0463667559538382,1.45512021542999,80.0,4.06173725771716,-0.755443886097152,0.879061976549414,AP band: 500 Hz high-pass; LFP band: 1000 Hz low-pass,262,59,810755801,2640,VISp,385.0,VISp,8599.0,1404.0,8206.0,probeC,See electrode locations,29999.9854696171,1249.999394567375,True,715093703
950930522,0.506875167504145,147.27102,0.0445348694615319,430,119.85,3.73850252902005,4.29595119857249,0.151356536911712,40.2207304546666,0.0297260052742259,417,25.01,0.81039755351682,0.00398691474136168,850261724,0.99,-0.0689141868812566,0.375860310563816,0.132388161154011,3.17981069971034,40.0,0.343383584589615,-0.68676716917923,0.645561139028476,AP band: 500 Hz high-pass; LFP band: 1000 Hz low-pass,265,11,810755801,2660,VISp,385.0,VISp,8606.0,1367.0,8202.0,probeC,See electrode locations,29999.9854696171,1249.999394567375,True,715093703
950930454,0.531534202788578,97.46802,0.010479651399528,426,221.18,4.57431831062569,2.20900436956586,0.182129057598877,53.9955393714903,0.00313542289628092,413,18.84,0.893939393939394,0.00141872719902716,850261724,0.99,-0.0444628433493347,0.251897339978217,0.170693900260762,2.39931633289013,110.0,1.37353433835846,0.274706867671692,0.590619765494137,AP band: 500 Hz high-pass; LFP band: 1000 Hz low-pass,265,11,810755801,2660,VISp,385.0,VISp,8606.0,1367.0,8202.0,probeC,See electrode locations,29999.9854696171,1249.999394567375,True,715093703
950933732,0.71154611027467,101.78766,0.00476147090480709,603,163.36,3.82860805934412,2.21103678004696,0.0432843764839911,60.0311458430471,0.00122468724920416,584,41.28,0.925619834710744,0.00199075479974356,850261726,0.99,-0.0732168619370213,0.294321681486882,0.0260237951721179,2.65048576739002,90.0,1.13807130892558,0.480737018425461,0.576884422110553,AP band: 500 Hz high-pass; LFP band: 1000 Hz low-pass,266,59,810755801,2680,VISp,385.0,VISp,8608.0,1355.0,8200.0,probeC,See electrode locations,29999.9854696171,1249.999394567375,True,715093703
950930866,0.613769365113984,164.60262,0.00124982662722877,444,190.02,4.76622922741812,4.97059856660336,0.18499477848971,57.6745023115782,0.00421811813810672,431,42.5,0.897872340425532,0.00348182283666155,850261732,0.99,-0.105480677174124,0.46507334496724,0.0911305754617038,3.28003191537217,50.0,0.686767169179229,0.343383584589615,0.549413735343384,AP band: 500 Hz high-pass; LFP band: 1000 Hz low-pass,269,11,810755801,2700,VISp,385.0,VISp,8616.0,1318.0,8196.0,probeC,See electrode locations,29999.9854696171,1249.999394567375,True,715093703
950930795,0.516152023793312,127.2453,0.0125369832236091,441,123.78,3.14237847794236,8.44748834129369,0.0361765983727237,65.7458585343627,0.0052598057778959,428,32.77,0.892768079800499,0.0062159252699934,850261732,0.99,-0.0863394929236995,0.490534818322522,0.0654053475295999,2.87586315329096,70.0,0.618090452261307,0.0,0.370854271356784,AP band: 500 Hz high-pass; LFP band: 1000 Hz low-pass,269,11,810755801,2700,VISp,385.0,VISp,8616.0,1318.0,8196.0,probeC,See electrode locations,29999.9854696171,1249.999394567375,True,715093703
950930888,0.52666865668193,104.46072,0.0133330497888105,445,232.77,4.10941429171968,2.06696145927584,0.0594346334040275,52.7625700889763,0.00268013939067439,432,44.64,0.881481481481482,0.000269088462832156,850261734,0.99,-0.0326311701807145,0.281264847774516,0.0983372238163316,2.45684345835141,90.0,1.30485762144054,0.51016989710457,0.700502512562814,AP band: 500 Hz high-pass; LFP band: 1000 Hz low-pass,270,59,810755801,2720,VISp,385.0,VISp,8618.0,1306.0,8194.0,probeC,See electrode locations,29999.9854696171,1249.999394567375,True,715093703
950931118,0.598671347114554,111.53103,0.0314356302316202,459,364.97,2.91083816426041,1.96353434812668,0.406188630537337,45.1686105680324,0.00972907646294474,443,55.84,0.767241379310345,0.00134898151895319,850261740,0.99,-0.0719026838786765,0.287153179390803,0.0473495652351995,1.75870143300402,80.0,1.30485762144054,0.343383584589614,0.618090452261306,AP band: 500 Hz high-pass; LFP band: 1000 Hz low-pass,273,11,810755801,2740,VISp,385.0,VISp,8623.0,1281.0,8191.0,probeC,See electrode locations,29999.9854696171,1249.999394567375,True,715093703
950931004,0.382381273204932,112.6047,0.045801657035624,451,217.45,3.2275156832242,3.99854179817194,0.198523113846853,49.9411635881901,0.00977756701490957,438,21.23,0.767006802721088,0.00241398068815449,850261740,0.99,-0.0468228241742411,0.389650181001563,0.0299137375820254,1.91296902719776,50.0,0.343383584589615,0.343383584589614,0.590619765494137,AP band: 500 Hz high-pass; LFP band: 1000 Hz low-pass,273,11,810755801,2740,VISp,385.0,VISp,8623.0,1281.0,8191.0,probeC,See electrode locations,29999.9854696171,1249.999394567375,True,715093703
950930985,0.55947952952099,223.70907,0.000112609928884323,450,59.32,7.32293326626865,45.575224274897,0.00110024455102283,195.199381939083,0.000500581826792265,437,40.54,0.999333333333333,0.000778361548939482,850261740,0.99,-0.184249920348236,1.02449591903751,0.0996752854111976,4.31859803224371,60.0,0.343383584589614,-0.412060301507537,0.219765494137353,AP band: 500 Hz high-pass; LFP band: 1000 Hz low-pass,273,11,810755801,2740,VISp,385.0,VISp,8623.0,1281.0,8191.0,probeC,See electrode locations,29999.9854696171,1249.999394567375,True,715093703
950934181,0.57798932401768,127.02144,0.00641386867094328,628,221.96,3.98178005031732,1.18726645604094,0.0300231806848508,62.5599150572612,0.000411648740672426,609,33.18,0.91358024691358,0.000938400697097661,850261738,0.99,-0.0866271447139839,0.377913945241412,0.00188918008031236,2.53219426615438,90.0,1.25089734386217,0.343383584589615,0.576884422110553,AP band: 500 Hz high-pass; LFP band: 1000 Hz low-pass,272,43,810755801,2740,VISp,385.0,VISp,8623.0,1281.0,8191.0,probeC,See electrode locations,29999.9854696171,1249.999394567375,True,715093703
950930964,0.709928184342781,225.67779,2.00745104770814e-06,449,76.37,6.16708157889249,14.5555593071511,0.0,115.74275245194,5.08765087158865e-05,436,42.6,1.0,0.0,850261738,0.99,-0.193466397855895,0.900329357109804,0.0092462628094629,3.59870816780925,50.0,0.0686767169179227,1.37353433835846,0.260971524288107,AP band: 500 Hz high-pass; LFP band: 1000 Hz low-pass,272,43,810755801,2740,VISp,385.0,VISp,8623.0,1281.0,8191.0,probeC,See electrode locations,29999.9854696171,1249.999394567375,True,715093703
950931043,0.354707204652147,115.35966,0.052861960750834,455,161.27,3.1001764532834,8.16204758039293,0.0241400657063256,74.6502727847393,0.000838319958720069,440,15.75,0.967654986522911,0.00131547062692561,850261742,0.96,-0.066014185811122,0.49384572463615,0.0794836660006934,2.6096573719758,30.0,,-0.343383584589615,0.247236180904523,AP band: 500 Hz high-pass; LFP band: 1000 Hz low-pass,274,59,810755801,2760,VISp,385.0,VISp,8626.0,1269.0,8190.0,probeC,See electrode locations,29999.9854696171,1249.999394567375,True,715093703
950931236,0.484944121585663,102.52593,0.00931042332762017,466,95.03,4.35488376511129,0.413934267983461,0.246996234669968,43.2651520064807,0.00234323555791909,449,32.48,0.466666666666667,0.000333834084460023,850261748,0.98,-0.0234491743101658,0.379544094365747,0.0575616028976264,2.27312393910092,80.0,1.37353433835846,-0.961474036850921,0.453266331658291,AP band: 500 Hz high-pass; LFP band: 1000 Hz low-pass,277,11,810755801,2780,VISp,385.0,VISp,8633.0,1232.0,8185.0,probeC,See electrode locations,29999.9854696171,1249.999394567375,True,715093703
950931181,0.409193018894782,106.73325,0.00354002626885081,463,123.9,4.37582958285129,6.69521177150773,0.140672992795317,59.9675047212061,0.00467013601444459,446,37.16,0.921232876712329,0.00662683697294328,850261748,0.99,-0.032998012336086,0.278914741344218,0.108808904854096,2.3686047990334,70.0,0.68676716917923,0.137353433835846,0.673031825795645,AP band: 500 Hz high-pass; LFP band: 1000 Hz low-pass,277,11,810755801,2780,VISp,385.0,VISp,8633.0,1232.0,8185.0,probeC,See electrode locations,29999.9854696171,1249.999394567375,True,715093703
950931164,0.428743937062748,202.55196,0.000112086724631822,462,133.26,4.54709772061185,1.87083384784996,0.0362747069651753,43.5514558996728,0.0075389656459803,445,36.78,0.876543209876543,0.000302449843734247,850261748,0.99,-0.0981788059989591,0.666642259782625,0.16961200090139,3.9818522728236,70.0,0.48073701842546,-0.137353433835845,0.590619765494137,AP band: 500 Hz high-pass; LFP band: 1000 Hz low-pass,277,11,810755801,2780,VISp,385.0,VISp,8633.0,1232.0,8185.0,probeC,See electrode locations,29999.9854696171,1249.999394567375,True,715093703
950931272,0.470136724014411,97.84242,0.00324108650490636,468,223.85,4.81964162928931,0.704117320006783,0.0853616971197312,56.807486361842,0.000516982726852187,451,26.43,0.735632183908046,0.000234011968040651,850261746,0.99,-0.0556705095285221,0.310236697480937,0.0229141741567968,2.09098960397808,90.0,0.686767169179229,-0.48073701842546,0.590619765494137,AP band: 500 Hz high-pass; LFP band: 1000 Hz low-pass,276,43,810755801,2780,VISp,385.0,VISp,8631.0,1244.0,8186.0,probeC,See electrode locations,29999.9854696171,1249.999394567375,True,715093703
950931254,0.616566723579423,122.52552,0.00059156619677032,467,73.65,3.71310620387355,60.450323674354,0.0051420797089633,180.308307190338,0.00176611740038887,450,38.67,0.998666666666667,0.00342633382280959,850261750,0.99,-0.120167839556371,0.492836455406314,0.0884832269978193,2.64261274921299,100.0,0.62790141182101,-0.274706867671692,0.302177554438861,AP band: 500 Hz high-pass; LFP band: 1000 Hz low-pass,278,59,810755801,2800,VISp,385.0,VISp,8636.0,1219.0,8183.0,probeC,See electrode locations,29999.9854696171,1249.999394567375,True,715093703
950931423,0.439581907720142,155.31711,0.000543060475598374,474,95.16,4.2340812103362,5.05449195479532,0.00993915187072637,58.3540750288133,0.00441141111980796,457,34.92,0.972527472527472,0.000577171182182386,850261756,0.99,-0.100185128588039,0.589772840536284,0.0852072464295187,3.35737970081053,70.0,-0.412060301507538,-0.68676716917923,0.412060301507538,AP band: 500 Hz high-pass; LFP band: 1000 Hz low-pass,281,11,810755801,2820,VISp,385.0,VISp,8643.0,1183.0,8178.0,probeC,See electrode locations,29999.9854696171,1249.999394567375,True,715093703
950931363,0.5549237851797,111.13557,0.0629347631279373,472,199.8,4.08588324778194,5.90742688669578,0.0715497954650335,57.5387758611691,0.00307007408256122,455,32.57,0.924528301886792,0.00105571448031603,850261756,0.99,-0.0909210968542264,0.464640344815395,0.15737011847396,2.28269020007673,130.0,0.068676716917923,-1.30485762144054,0.315912897822446,AP band: 500 Hz high-pass; LFP band: 1000 Hz low-pass,281,11,810755801,2820,VISp,385.0,VISp,8643.0,1183.0,8178.0,probeC,See electrode locations,29999.9854696171,1249.999394567375,True,715093703
950933840,0.524434056756493,116.01603,0.00323543159312421,609,111.38,4.4889905548952,5.40406655754404,0.0101440120651011,73.9712770434464,0.000737477360710852,590,39.38,0.98989898989899,0.000750673900433343,850261760,0.99,-0.104073293533922,0.488469365423187,0.0668990718861463,2.19737997644152,70.0,0.0,0.137353433835846,0.315912897822446,AP band: 500 Hz high-pass; LFP band: 1000 Hz low-pass,283,27,810755801,2840,VISp,385.0,VISp,8648.0,1158.0,8175.0,probeC,See electrode locations,29999.9854696171,1249.999394567375,True,715093703
950931458,0.478458885452692,665.75301,5.5450163900929e-05,476,64.77,10.8905553218478,16.9417221236526,0.00191682003217254,173.885517713992,4.13069644842678e-10,459,40.8,0.996666666666667,0.0,850261758,0.99,-0.354438953510765,1.73310839303342,0.156925301185921,5.63926225576562,50.0,0.68676716917923,0.343383584589614,0.563149078726968,AP band: 500 Hz high-pass; LFP band: 1000 Hz low-pass,282,59,810755801,2840,VISp,385.0,VISp,8646.0,1170.0,8177.0,probeC,See electrode locations,29999.9854696171,1249.999394567375,True,715093703
950931315,0.653561778592124,183.41817,0.00128235981092503,470,118.98,5.00947097021448,16.9099939378088,0.00680816109029487,96.4550592208153,9.73006646795151e-05,453,35.58,0.998666666666667,0.000260824204486176,850261758,0.99,-0.212504078539056,0.788452511563309,0.0754851087695199,1.99013539918336,60.0,0.0,-0.206030150753768,0.192294807370184,AP band: 500 Hz high-pass; LFP band: 1000 Hz low-pass,282,59,810755801,2840,VISp,385.0,VISp,8646.0,1170.0,8177.0,probeC,See electrode locations,29999.9854696171,1249.999394567375,True,715093703
950931565,0.524476287758878,157.69923,0.017752972482657,484,112.48,3.15027736399895,17.2016448418463,0.196087810400439,55.1327201476706,0.0242532299667272,466,36.07,0.867333333333333,0.0127178520960904,850261764,0.99,-0.0823738107801908,0.391330708089167,0.0463079754562662,2.83863997867807,110.0,0.662239770279971,0.0,0.576884422110553,AP band: 500 Hz high-pass; LFP band: 1000 Hz low-pass,285,11,810755801,2860,VISp,385.0,VISp,8653.0,1134.0,8172.0,probeC,See electrode locations,29999.9854696171,1249.999394567375,True,715093703
950931533,0.455696477877187,333.18051,0.000296850839452888,482,111.37,5.89477170532558,4.64484833116084,0.00588479414265833,70.0623046180191,0.000778606424664771,464,38.49,0.98469387755102,0.00033999728002176,850261764,0.99,-0.167489077970125,0.882287967616902,0.233875136554382,5.34312319315754,80.0,0.68676716917923,0.206030150753768,0.618090452261307,AP band: 500 Hz high-pass; LFP band: 1000 Hz low-pass,285,11,810755801,2860,VISp,385.0,VISp,8653.0,1134.0,8172.0,probeC,See electrode locations,29999.9854696171,1249.999394567375,True,715093703
950931517,0.477503607163373,121.09851,0.0910041736564216,481,128.03,2.54669717233092,8.85747070000835,0.086847940239065,45.7432316011403,0.0248883176450026,463,34.05,0.731729055258467,0.0102153888773461,850261764,0.99,-0.0494730827497655,0.308875489301302,0.0839884850036044,2.1225509360318,120.0,1.61880832735104,0.245273988992582,0.618090452261306,AP band: 500 Hz high-pass; LFP band: 1000 Hz low-pass,285,11,810755801,2860,VISp,385.0,VISp,8653.0,1134.0,8172.0,probeC,See electrode locations,29999.9854696171,1249.999394567375,True,715093703
950931656,0.420586150283157,125.81088,0.0258056566900236,489,93.91,3.33718178724142,15.6214456927932,0.0310434483989241,64.0863649233602,0.0091110125475766,471,34.81,0.928666666666667,0.0102427388803143,850261768,0.99,-0.056976534716311,0.348883745723066,0.155737300844803,2.0956939181911,110.0,1.31630374092686,0.549413735343383,0.590619765494137,AP band: 500 Hz high-pass; LFP band: 1000 Hz low-pass,287,27,810755801,2880,VISp,385.0,VISp,8659.0,1110.0,8169.0,probeC,See electrode locations,29999.9854696171,1249.999394567375,True,715093703
950931805,0.553771423543822,143.70993,0.00141179948231184,498,189.79,4.52223192013388,2.00373091097504,0.0737857234218849,41.4421610190654,0.0105934886770777,479,38.33,0.765567765567766,0.000605510142294883,850261766,0.99,-0.0786958726845971,0.355313874351934,0.0570249451692216,2.25616427068674,120.0,1.11027359017309,-0.068676716917923,0.645561139028476,AP band: 500 Hz high-pass; LFP band: 1000 Hz low-pass,286,59,810755801,2880,VISp,385.0,VISp,8656.0,1122.0,8170.0,probeC,See electrode locations,29999.9854696171,1249.999394567375,True,715093703
950931617,0.635225951901882,160.50957,0.0560426900918726,487,181.39,4.60626598860057,5.0588955108377,0.0148827842597668,63.9542633973439,0.00271294739716446,469,19.26,0.93114241001565,0.000544940567419366,850261766,0.99,-0.120766123511406,0.682928337402111,0.118475141162291,2.79004625495134,50.0,0.68676716917923,0.549413735343383,0.302177554438861,AP band: 500 Hz high-pass; LFP band: 1000 Hz low-pass,286,59,810755801,2880,VISp,385.0,VISp,8656.0,1122.0,8170.0,probeC,See electrode locations,29999.9854696171,1249.999394567375,True,715093703
950931581,0.485665085789829,215.25231,0.001668696541136,485,92.83,4.21840911060795,4.12003478026419,0.0124658338858513,69.0711276160718,0.000561580551670754,467,30.29,0.976878612716763,0.000271361215698246,850261766,0.99,-0.116234621460894,0.615459245873266,0.124786329079272,3.7095054144832,80.0,0.824120603015075,0.48073701842546,0.576884422110553,AP band: 500 Hz high-pass; LFP band: 1000 Hz low-pass,286,59,810755801,2880,VISp,385.0,VISp,8656.0,1122.0,8170.0,probeC,See electrode locations,29999.9854696171,1249.999394567375,True,715093703
950931770,0.545631827952123,163.39401,0.0279226032536981,496,111.95,3.24435634463577,8.94463852730874,0.125893835113307,70.834405288714,0.00308556276314193,477,9.1,0.927330173775671,0.00313217790770516,850261772,0.99,-0.0856590485934447,0.398953279007257,0.129782881180224,2.71286045434491,90.0,0.68676716917923,-0.068676716917923,0.631825795644891,AP band: 500 Hz high-pass; LFP band: 1000 Hz low-pass,289,11,810755801,2900,VISp,385.0,VISp,8664.0,1086.0,8166.0,probeC,See electrode locations,29999.9854696171,1249.999394567375,True,715093703
950931751,0.521273353151616,276.27444,6.95969991692739e-06,494,163.77,5.3712537169398,4.19839549547983,0.00720290447945917,89.4261014696793,0.00019702910070151,476,44.58,0.983870967741936,0.000101895251681272,850261770,0.99,-0.159550443819565,0.781468291090768,0.113422583078397,4.13997715746034,80.0,0.68676716917923,0.412060301507537,0.604355108877722,AP band: 500 Hz high-pass; LFP band: 1000 Hz low-pass,288,43,810755801,2900,VISp,385.0,VISp,8661.0,1098.0,8167.0,probeC,See electrode locations,29999.9854696171,1249.999394567375,True,715093703
950931727,0.50075231538419,278.39058,5.44835874538592e-05,493,96.69,5.1708527460072,16.7347549896609,0.0101248636094312,69.0819655291728,0.00335222489820851,475,43.19,0.982666666666667,0.000805761192526565,850261770,0.99,-0.138953956921704,0.7626201293372,0.105771122787962,4.65707628864093,90.0,0.480737018425461,0.206030150753768,0.50820770519263,AP band: 500 Hz high-pass; LFP band: 1000 Hz low-pass,288,43,810755801,2900,VISp,385.0,VISp,8661.0,1098.0,8167.0,probeC,See electrode locations,29999.9854696171,1249.999394567375,True,715093703
950931853,0.486718979721288,110.70891,0.0417528147885391,501,132.69,5.83875818676182,6.13528268396545,0.0202374805910244,69.5276903317496,0.00151472381915039,482,29.8,0.977380952380952,0.000857338820301783,850261774,0.99,-0.0997856761915371,0.479885233653879,0.0860464989066223,2.20302411177601,90.0,-0.122636994496291,0.0,0.288442211055276,AP band: 500 Hz high-pass; LFP band: 1000 Hz low-pass,290,59,810755801,2920,VISp,385.0,VISp,8666.0,1074.0,8164.0,probeC,See electrode locations,29999.9854696171,1249.999394567375,True,715093703
950931959,0.531969761547105,190.36836,0.00406963406311194,506,244.0,3.26485339162124,2.65286023629881,0.3187133277119,34.7395126813754,0.0282390447132735,487,28.08,0.466666666666667,0.00266666666666667,850261780,0.99,-0.074971803883783,0.499155799288216,-0.00808902682988137,2.97703627459068,90.0,0.480737018425461,0.392438382388131,0.549413735343384,AP band: 500 Hz high-pass; LFP band: 1000 Hz low-pass,293,11,810755801,2940,VISp,385.0,VISp,8674.0,1038.0,8160.0,probeC,See electrode locations,29999.9854696171,1249.999394567375,True,715093703
950931899,0.56687780612806,209.25723,0.000413571571301129,503,80.66,5.26971715020532,14.9627188735309,0.0427209106954362,83.6956292820197,0.00824864150637286,484,36.51,0.942666666666667,0.00936594569099117,850261780,0.99,-0.0864345847782222,0.529406662225011,0.176767702261621,3.51306812903486,80.0,0.412060301507538,0.549413735343383,0.563149078726968,AP band: 500 Hz high-pass; LFP band: 1000 Hz low-pass,293,11,810755801,2940,VISp,385.0,VISp,8674.0,1038.0,8160.0,probeC,See electrode locations,29999.9854696171,1249.999394567375,True,715093703
950931878,0.511643405669323,153.76257,2.31510576141624e-05,502,188.95,4.11662708502714,1.26212690876136,0.0531345539407706,45.9731455780473,0.0045414861352378,483,39.99,0.803921568627451,0.00083903879715398,850261778,0.99,-0.0509723497497527,0.41397737966808,0.105124155690504,3.24323641879574,120.0,1.35064209938582,-0.0686767169179227,0.618090452261307,AP band: 500 Hz high-pass; LFP band: 1000 Hz low-pass,292,43,810755801,2940,VISp,385.0,VISp,8672.0,1050.0,8161.0,probeC,See electrode locations,29999.9854696171,1249.999394567375,True,715093703
950933890,0.370580007853963,126.47778,0.0111548661556865,612,181.62,5.03594200391113,1.53616358862929,0.0717361645694159,62.0980479304642,0.00286815155445932,593,27.22,0.836930455635492,0.00162255349356049,850261784,0.99,-0.0356151010057648,0.347413748769677,0.0620042736953279,2.64907126199273,70.0,0.618090452261307,0.48073701842546,0.65929648241206,AP band: 500 Hz high-pass; LFP band: 1000 Hz low-pass,295,27,810755801,2960,VISp,385.0,VISp,8677.0,1026.0,8158.0,probeC,See electrode locations,29999.9854696171,1249.999394567375,True,715093703
950932102,0.55151486537682,176.65791,0.000887325242723482,514,176.46,4.27472596800092,5.13669166758636,0.144366622416287,57.7266807051967,0.0106348017632631,495,27.49,0.933333333333333,0.00116279069767442,850261788,0.99,-0.194540789404475,0.805423671796528,0.0818033676719397,2.92492695684316,70.0,-0.137353433835846,-0.68676716917923,0.233500837520938,AP band: 500 Hz high-pass; LFP band: 1000 Hz low-pass,297,11,810755801,2980,VISp,385.0,VISp,8682.0,1003.0,8155.0,probeC,See electrode locations,29999.9854696171,1249.999394567375,True,715093703
950932087,0.493029456717101,170.83755,0.0155240043699949,513,105.6,4.54562174097259,14.1372214831253,0.0190575681281087,85.6500290487882,0.00519291583854675,494,29.73,0.979333333333333,0.0120627261761158,850261788,0.99,-0.196779812344202,0.782646103741076,0.117879885640078,2.95657585651592,60.0,0.0,0.0,0.233500837520938,AP band: 500 Hz high-pass; LFP band: 1000 Hz low-pass,297,11,810755801,2980,VISp,385.0,VISp,8682.0,1003.0,8155.0,probeC,See electrode locations,29999.9854696171,1249.999394567375,True,715093703
950933907,0.332908463322064,109.38564,0.0133163261830215,613,241.28,3.98476854483933,0.994752018803681,0.213842213640996,49.7072943091354,0.00395620861809597,594,25.12,0.870175438596491,0.000740366818105334,850261786,0.99,-0.0318221627199793,0.282058742374345,0.107787735796356,2.36455034891365,70.0,0.618090452261306,-0.48073701842546,0.741708542713568,AP band: 500 Hz high-pass; LFP band: 1000 Hz low-pass,296,43,810755801,2980,VISp,385.0,VISp,8680.0,1014.0,8157.0,probeC,See electrode locations,29999.9854696171,1249.999394567375,True,715093703
950932032,0.44448614524785,129.20739,0.000596261523922038,510,94.29,4.6365463262451,9.27829258128886,0.0113069326349978,76.5632914269004,0.00620068665209646,491,33.16,0.957333333333333,0.00708114077827584,850261786,0.99,-0.0631317429826426,0.315212460101114,0.121104793239505,2.80131958015272,140.0,1.54522613065327,0.706389088298636,0.576884422110553,AP band: 500 Hz high-pass; LFP band: 1000 Hz low-pass,296,43,810755801,2980,VISp,385.0,VISp,8680.0,1014.0,8157.0,probeC,See electrode locations,29999.9854696171,1249.999394567375,True,715093703
950933924,0.641981122356045,98.49528,0.0297864245313572,614,264.4,5.06645355997613,0.84096629240066,0.119681194110753,51.6951808409256,0.00417836953688681,595,13.5,0.885496183206107,0.000810619110345526,850261796,0.98,-0.051856165300196,0.213186756098952,,1.63175319350354,70.0,0.343383584589615,0.137353433835846,0.618090452261306,AP band: 500 Hz high-pass; LFP band: 1000 Hz low-pass,301,11,810755801,3020,VISp,385.0,VISp,8693.0,956.0,8150.0,probeC,See electrode locations,29999.9854696171,1249.999394567375,True,715093703
950932445,0.552769356940186,102.23304,0.0124457536784195,532,200.32,4.89738400999986,1.84384795312873,0.298754273420216,53.6451652776682,0.00741280834928064,513,35.06,0.903654485049834,0.0021308038629412,850261814,0.99,-0.0754995381152531,0.374192272885239,0.128555684261115,2.32921563369892,80.0,0.137353433835846,-0.892797319932998,0.357118927973199,AP band: 500 Hz high-pass; LFP band: 1000 Hz low-pass,310,59,810755801,3120,VISp,385.0,VISp,8718.0,853.0,8139.0,probeC,See electrode locations,29999.9854696171,1249.999394567375,True,715093703
950932578,0.338306487063521,90.57828,0.00554629956280833,539,207.55,2.12383917546186,2.6391979213981,0.443539226414686,32.1604076579269,0.150569188094571,520,41.75,0.481406355645707,0.0164790855860594,850261822,0.99,-0.0152057546493596,0.370802898271895,0.0302579117953121,2.24544931351952,90.0,0.206030150753769,0.804498683895668,0.412060301507538,AP band: 500 Hz high-pass; LFP band: 1000 Hz low-pass,314,59,810755801,3160,VISp,385.0,VISp,8730.0,808.0,8134.0,probeC,See electrode locations,29999.9854696171,1249.999394567375,True,715093703
950932563,0.567730148992289,100.74831,0.00591160877335938,538,100.77,4.144566218945,18.4645621324614,0.0126612108354975,103.128641097333,0.0188058893358299,519,31.22,0.954,0.0437100213219616,850261822,0.99,-0.0882319605616682,0.435842568328198,0.0668973452359184,2.59315213798722,70.0,0.48073701842546,0.824120603015076,0.288442211055276,AP band: 500 Hz high-pass; LFP band: 1000 Hz low-pass,314,59,810755801,3160,VISp,385.0,VISp,8730.0,808.0,8134.0,probeC,See electrode locations,29999.9854696171,1249.999394567375,True,715093703
950932696,0.419641004184064,237.05097,0.00337715768784715,547,88.04,7.34689845545987,0.41969276434657,0.0,99.8867494983458,7.61164718114451e-06,528,28.58,0.992937853107345,0.000136556056261095,850261838,0.97,-0.116975265355651,0.757041514501205,,5.51430077548888,70.0,0.68676716917923,0.549413735343383,0.673031825795645,AP band: 500 Hz high-pass; LFP band: 1000 Hz low-pass,322,59,810755801,3240,VISp,385.0,VISp,8750.0,731.0,8127.0,probeC,See electrode locations,29999.9854696171,1249.999394567375,True,715093703
950933960,0.374231125494752,75.2224199999999,0.0362880695982688,616,719.49,4.0612429109216,0.70219782121908,0.343316069393718,39.6889114053123,0.0167391781540793,597,40.33,0.948666666666667,0.00365622032288699,850261846,0.99,-0.0120725819596698,0.190961871091148,0.134203293453393,2.04145080358604,80.0,0.68676716917923,0.711294568078487,0.68676716917923,AP band: 500 Hz high-pass; LFP band: 1000 Hz low-pass,326,59,810755801,3280,VISp,385.0,VISp,8762.0,688.0,8124.0,probeC,See electrode locations,29999.9854696171,1249.999394567375,True,715093703
